"","ID","Gene","GB_ACC","GeneDes"
"1","ZH352","A2M","NM_000014.3","Homo sapiens alpha-2-macroglobulin (A2M), mRNA."
"2","ZH276","ANG","NM_001145.1","Homo sapiens angiogenin, ribonuclease, RNase A family, 5 (ANG), mRNA."
"3","ZH257","ANGPT1","NM_001146.3","Homo sapiens angiopoietin 1 (ANGPT1), transcript variant 1, mRNA."
"4","ZH340","AQP4","NM_001650.2","Homo sapiens aquaporin 4 (AQP4), transcript variant a, mRNA."
"5","ZH112","ATF1","NM_005171.1","Homo sapiens activating transcription factor 1 (ATF1), mRNA."
"6","ZH147","AVEN","NM_020371.1","Homo sapiens apoptosis, caspase activation inhibitor (AVEN), mRNA."
"7","ZH425","AXL","NM_021913.2","Homo sapiens AXL receptor tyrosine kinase (AXL), transcript variant 1, mRNA."
"8","ZH429","BATF","NM_006399.2","Homo sapiens basic leucine zipper transcription factor, ATF-like (BATF), mRNA."
"9","ZH070","BCL10","NM_003921.2","Homo sapiens B-cell CLL/lymphoma 10 (BCL10), mRNA."
"10","ZH159","BCL2","NM_000657.1","Homo sapiens B-cell CLL/lymphoma 2 (BCL2), nuclear gene encoding mitochondrial protein, transcript variant beta, mRNA."
"11","ZH445","BCL2L1","NM_138578.1","Homo sapiens BCL2-like 1 (BCL2L1), nuclear gene encoding mitochondrial protein, transcript variant 1, mRNA."
"12","ZH439","BIK","NM_001197.3","Homo sapiens BCL2-interacting killer (apoptosis-inducing) (BIK), mRNA."
"13","ZH437","BMF","NM_033503.2","Homo sapiens Bcl-2 modifying factor (BMF), mRNA."
"14","ZH152","BTG2","NM_006763.1","Homo sapiens BTG family, member 2 (BTG2), mRNA."
"15","ZH180","C1QA","NM_015991.1","Homo sapiens complement component 1, q subcomponent, alpha polypeptide (C1QA), mRNA."
"16","ZH174","C1QB","NM_000491.2","Homo sapiens complement component 1, q subcomponent, beta polypeptide (C1QB), mRNA."
"17","ZH208","C1R","NM_001733.1","Homo sapiens complement component 1, r subcomponent (C1R), mRNA."
"18","ZH248","C2","NM_000063.3","Homo sapiens complement component 2 (C2), mRNA."
"19","ZH265","C3","NM_000064.1","Homo sapiens complement component 3 (C3), mRNA."
"20","ZH209","C5","NM_001735.1","Homo sapiens complement component 5 (C5), mRNA."
"21","ZH210","C6","NM_000065.1","Homo sapiens complement component 6 (C6), mRNA."
"22","ZH211","C9","NM_001737.1","Homo sapiens complement component 9 (C9), mRNA."
"23","ZH055","CAMLG","NM_001745.2","Homo sapiens calcium modulating ligand (CAMLG), mRNA."
"24","ZH087","CASP1","NM_033294.1","Homo sapiens caspase 1, apoptosis-related cysteine protease (interleukin 1, beta, convertase) (CASP1), transcript variant delta, mRNA."
"25","ZH143","CASP10","NM_032977.1","Homo sapiens caspase 10, apoptosis-related cysteine protease (CASP10), transcript variant D, mRNA."
"26","ZH056","CASP3","NM_004346.2","Homo sapiens caspase 3, apoptosis-related cysteine protease (CASP3), transcript variant alpha, mRNA."
"27","ZH150","CASP4","NM_033306.1","Homo sapiens caspase 4, apoptosis-related cysteine protease (CASP4), transcript variant gamma, mRNA."
"28","ZH079","CASP5","NM_004347.1","Homo sapiens caspase 5, apoptosis-related cysteine protease (CASP5), mRNA."
"29","ZH095","CASP6","NM_001226.2","Homo sapiens caspase 6, apoptosis-related cysteine protease (CASP6), transcript variant alpha, mRNA."
"30","ZH176","CASP7","NM_033339.2","Homo sapiens caspase 7, apoptosis-related cysteine protease (CASP7), transcript variant gamma, mRNA."
"31","ZH084","CASP8","NM_033358.1","Homo sapiens caspase 8, apoptosis-related cysteine protease (CASP8), transcript variant E, mRNA."
"32","ZH096","CASP9","NM_001229.2","Homo sapiens caspase 9, apoptosis-related cysteine protease (CASP9), transcript variant alpha, mRNA."
"33","ZH038","CCL1","NM_002981.1","Homo sapiens chemokine (C-C motif) ligand 1 (CCL1), mRNA."
"34","ZH009","CCL11","NM_002986.2","Homo sapiens chemokine (C-C motif) ligand 11 (CCL11), mRNA."
"35","ZH006","CCL13","NM_005408.2","Homo sapiens chemokine (C-C motif) ligand 13 (CCL13), mRNA."
"36","ZH022","CCL16","NM_004590.2","Homo sapiens chemokine (C-C motif) ligand 16 (CCL16), mRNA."
"37","ZH037","CCL17","NM_002987.2","Homo sapiens chemokine (C-C motif) ligand 17 (CCL17), mRNA."
"38","ZH039","CCL18","NM_002988.2","Homo sapiens chemokine (C-C motif) ligand 18 (pulmonary and activation-regulated) (CCL18), mRNA."
"39","ZH015","CCL19","NM_006274.2","Homo sapiens chemokine (C-C motif) ligand 19 (CCL19), mRNA."
"40","ZH028","CCL2","NM_002982.2","Homo sapiens chemokine (C-C motif) ligand 2 (CCL2), mRNA."
"41","ZH014","CCL20","NM_004591.1","Homo sapiens chemokine (C-C motif) ligand 20 (CCL20), mRNA."
"42","ZH010","CCL21","NM_002989.2","Homo sapiens chemokine (C-C motif) ligand 21 (CCL21), mRNA."
"43","ZH020","CCL23","NM_145898.1","Homo sapiens chemokine (C-C motif) ligand 23 (CCL23), transcript variant CKbeta8, mRNA."
"44","ZH016","CCL25","NM_005624.2","Homo sapiens chemokine (C-C motif) ligand 25 (CCL25), transcript variant 1, mRNA."
"45","ZH012","CCL26","NM_006072.3","Homo sapiens chemokine (C-C motif) ligand 26 (CCL26), mRNA."
"46","ZH029","CCL27","NM_006664.2","Homo sapiens chemokine (C-C motif) ligand 27 (CCL27), mRNA."
"47","ZH018","CCL28","NM_019846.3","Homo sapiens chemokine (C-C motif) ligand 28 (CCL28), transcript variant 1, mRNA."
"48","ZH026","CCL5","NM_002985.2","Homo sapiens chemokine (C-C motif) ligand 5 (CCL5), mRNA."
"49","ZH041","CCL7","NM_006273.2","Homo sapiens chemokine (C-C motif) ligand 7 (CCL7), mRNA."
"50","ZH042","CCL8","NM_005623.2","Homo sapiens chemokine (C-C motif) ligand 8 (CCL8), mRNA."
"51","ZH167","CCNA2","NM_001237.2","Homo sapiens cyclin A2 (CCNA2), mRNA."
"52","ZH025","CCR1","NM_001295.1","Homo sapiens chemokine (C-C motif) receptor 1 (CCR1), mRNA."
"53","ZH040","CCR2","NM_000648.1","Homo sapiens chemokine (C-C motif) receptor 2 (CCR2), transcript variant B, mRNA."
"54","ZH004","CCR3","NM_001837.1","Homo sapiens chemokine (C-C motif) receptor 3 (CCR3), mRNA."
"55","ZH410","CCR4","NM_005508.1","Homo sapiens chemokine (C-C motif) receptor 4 (CCR4), mRNA."
"56","ZH027","CCR5","NM_000579.1","Homo sapiens chemokine (C-C motif) receptor 5 (CCR5), mRNA."
"57","ZH019","CCR6","NM_031409.1","Homo sapiens chemokine (C-C motif) receptor 6 (CCR6), transcript variant 2, mRNA."
"58","ZH023","CCR7","NM_001838.1","Homo sapiens chemokine (C-C motif) receptor 7 (CCR7), mRNA."
"59","ZH033","CCR8","NM_005201.2","Homo sapiens chemokine (C-C motif) receptor 8 (CCR8), mRNA."
"60","ZH007","CCR9","NM_006641.2","Homo sapiens chemokine (C-C motif) receptor 9 (CCR9), transcript variant B, mRNA."
"61","ZH304","CD14","NM_000591.1","Homo sapiens CD14 antigen (CD14), mRNA."
"62","ZH327","CD19","NM_001770.2","Homo sapiens CD19 antigen (CD19), mRNA."
"63","ZH214","CD1A","XM_048792.3","Homo sapiens CD1A antigen, a polypeptide (CD1A), mRNA."
"64","ZH215","CD1B","NM_001764.1","Homo sapiens CD1B antigen, b polypeptide (CD1B), mRNA."
"65","ZH216","CD1C","NM_001765.1","Homo sapiens CD1C antigen, c polypeptide (CD1C), mRNA."
"66","ZH323","CD2","NM_001767.1","Homo sapiens CD2 antigen (p50), sheep red blood cell receptor (CD2), mRNA."
"67","ZH227","CD22","NM_001771.1","Homo sapiens CD22 antigen (CD22), mRNA."
"68","ZH442","CD244","NM_016382.1","Homo sapiens natural killer cell receptor 2B4 (CD244), mRNA."
"69","ZH238","CD28","NM_006139.1","Homo sapiens CD28 antigen (Tp44) (CD28), mRNA."
"70","ZH301","CD36","NM_000072.1","Homo sapiens CD36 antigen (collagen type I receptor, thrombospondin receptor) (CD36), mRNA."
"71","ZH224","CD37","NM_001774.1","Homo sapiens CD37 antigen (CD37), mRNA."
"72","ZH285","CD38","NM_001775.1","Homo sapiens CD38 antigen (p45) (CD38), mRNA."
"73","ZH333","CD3D","NM_000732.1","Homo sapiens CD3D antigen, delta polypeptide (TiT3 complex) (CD3D), mRNA."
"74","ZH048","CD3E","NM_000733.1","Homo sapiens CD3E antigen, epsilon polypeptide (TiT3 complex) (CD3E), mRNA."
"75","ZH388","CD3G","NM_000073.1","Homo sapiens CD3G antigen, gamma polypeptide (TiT3 complex) (CD3G), mRNA."
"76","ZH234","CD4","NM_000616.2","Homo sapiens CD4 antigen (p55) (CD4), mRNA."
"77","ZH403","CD44","NM_000610.2","Homo sapiens CD44 antigen (homing function and Indian blood group system) (CD44), mRNA."
"78","ZH316","CD47","NM_001777.1","Homo sapiens CD47 antigen (Rh-related antigen, integrin-associated signal transducer) (CD47), mRNA."
"79","ZH326","CD48","NM_001778.2","Homo sapiens CD48 antigen (B-cell membrane protein) (CD48), mRNA."
"80","ZH313","CD53","NM_000560.2","Homo sapiens CD53 antigen (CD53), mRNA."
"81","ZH302","CD58","NM_001779.1","Homo sapiens CD58 antigen, (lymphocyte function-associated antigen 3) (CD58), mRNA."
"82","ZH262","CD59","NM_000611.2","Homo sapiens CD59 antigen p18-20 (antigen identified by monoclonal antibodies 16.3A5, EJ16, EJ30, EL32 and G344) (CD59), mRNA."
"83","ZH305","CD63","NM_001780.2","Homo sapiens CD63 antigen (melanoma 1 antigen) (CD63), mRNA."
"84","ZH315","CD69","NM_001781.1","Homo sapiens CD69 antigen (p60, early T-cell activation antigen) (CD69), mRNA."
"85","ZH328","CD7","NM_006137.4","Homo sapiens CD7 antigen (p41) (CD7), mRNA."
"86","ZH201","CD72","NM_001782.1","Homo sapiens CD72 antigen (CD72), mRNA."
"87","ZH318","CD74","NM_004355.1","Homo sapiens CD74 antigen (invariant polypeptide of major histocompatibility complex, class II antigen-associated) (CD74), mRNA."
"88","ZH390","CD79A","NM_001783.1","Homo sapiens CD79A antigen (immunoglobulin-associated alpha) (CD79A), transcript variant 1, mRNA."
"89","ZH391","CD79B","NM_021602.1","Homo sapiens CD79B antigen (immunoglobulin-associated beta) (CD79B), transcript variant 2, mRNA."
"90","ZH317","CD80","NM_005191.1","Homo sapiens CD80 antigen (CD28 antigen ligand 1, B7-1 antigen) (CD80), mRNA."
"91","ZH282","CD81","NM_004356.2","Homo sapiens CD81 antigen (target of antiproliferative antibody 1) (CD81), mRNA."
"92","ZH309","CD83","NM_004233.2","Homo sapiens CD83 antigen (activated B lymphocytes, immunoglobulin superfamily) (CD83), mRNA."
"93","ZH118","CD84","NM_003874.1","Homo sapiens CD84 antigen (leukocyte antigen) (CD84), mRNA."
"94","ZH263","CD86","NM_006889.1","Homo sapiens CD86 antigen (CD28 antigen ligand 2, B7-2 antigen) (CD86), mRNA."
"95","ZH253","CD8A","NM_001768.3","Homo sapiens CD8 antigen, alpha polypeptide (p32) (CD8A), mRNA."
"96","ZH206","CD9","NM_001769.2","Homo sapiens CD9 antigen (p24) (CD9), mRNA."
"97","ZH272","CD97","NM_078481.1","Homo sapiens CD97 antigen (CD97), transcript variant 1, mRNA."
"98","ZH164","CDC20","NM_001255.1","Homo sapiens CDC20 cell division cycle 20 homolog (S. cerevisiae) (CDC20), mRNA."
"99","ZH122","CDC27","NM_001256.2","Homo sapiens cell division cycle 27 (CDC27), mRNA."
"100","ZH264","CDH3","NM_001793.2","Homo sapiens cadherin 3, type 1, P-cadherin (placental) (CDH3), mRNA."
"101","ZH382","CDH5","NM_001795.2","Homo sapiens cadherin 5, type 2, VE-cadherin (vascular epithelium) (CDH5), mRNA."
"102","ZH275","CDH6","NM_004932.2","Homo sapiens cadherin 6, type 2, K-cadherin (fetal kidney) (CDH6), mRNA."
"103","ZH113","CDKN1A","NM_078467.1","Homo sapiens cyclin-dependent kinase inhibitor 1A (p21, Cip1) (CDKN1A), transcript variant 2, mRNA."
"104","ZH081","CEBPG","NM_001806.1","Homo sapiens CCAAT/enhancer binding protein (C/EBP), gamma (CEBPG), mRNA."
"105","ZH297","CLU","NM_001831.1","Homo sapiens clusterin (complement lysis inhibitor, SP-40,40, sulfated glycoprotein 2, testosterone-repressed prostate message 2, apolipoprotein J) (CLU), mRNA."
"106","ZH360","COL4A5","NM_033380.1","Homo sapiens collagen, type IV, alpha 5 (Alport syndrome) (COL4A5), transcript variant 2, mRNA."
"107","ZH098","CR1","NM_000651.3","Homo sapiens complement component (3b/4b) receptor 1, including Knops blood group system (CR1), transcript variant S, mRNA."
"108","ZH430","CREB1","NM_134442.2","Homo sapiens cAMP responsive element binding protein 1 (CREB1), transcript variant B, mRNA."
"109","ZH002","CRP","NM_000567.1","Homo sapiens C-reactive protein, pentraxin-related (CRP), mRNA."
"110","ZH402","CSF1","NM_000757.2","Homo sapiens colony stimulating factor 1 (macrophage) (CSF1), mRNA."
"111","ZH217","CSF2","NM_000758.1","Homo sapiens colony stimulating factor 2 (granulocyte-macrophage) (CSF2), mRNA."
"112","ZH364","CTGF","NM_001901.1","Homo sapiens connective tissue growth factor (CTGF), mRNA."
"113","ZH085","CTLA4","NM_005214.2","Homo sapiens cytotoxic T-lymphocyte-associated protein 4 (CTLA4), mRNA."
"114","ZH017","CX3CR1","NM_001337.2","Homo sapiens chemokine (C-X3-C motif) receptor 1 (CX3CR1), mRNA."
"115","ZH031","CXCL10","NM_001565.1","Homo sapiens chemokine (C-X-C motif) ligand 10 (CXCL10), mRNA."
"116","ZH036","CXCL13","NM_006419.1","Homo sapiens chemokine (C-X-C motif) ligand 13 (B-cell chemoattractant) (CXCL13), mRNA."
"117","ZH013","CXCL14","NM_004887.3","Homo sapiens chemokine (C-X-C motif) ligand 14 (CXCL14), mRNA."
"118","ZH008","CXCL16","NM_022059.1","Homo sapiens chemokine (C-X-C motif) ligand 16 (CXCL16), mRNA."
"119","ZH024","CXCL5","NM_002994.2","Homo sapiens chemokine (C-X-C motif) ligand 5 (CXCL5), mRNA."
"120","ZH030","CXCL6","NM_002993.1","Homo sapiens chemokine (C-X-C motif) ligand 6 (granulocyte chemotactic protein 2) (CXCL6), mRNA."
"121","ZH011","CXCR3","NM_001504.1","Homo sapiens chemokine (C-X-C motif) receptor 3 (CXCR3), mRNA."
"122","ZH005","CXCR4","NM_003467.1","Homo sapiens chemokine (C-X-C motif) receptor 4 (CXCR4), mRNA."
"123","ZH021","CXCR6","NM_006564.1","Homo sapiens chemokine (C-X-C motif) receptor 6 (CXCR6), mRNA."
"124","ZH344","CYP1A1","NM_000499.2","Homo sapiens cytochrome P450, subfamily I (aromatic compound-inducible), polypeptide 1 (CYP1A1), mRNA."
"125","ZH329","CYP27A1","NM_000784.2","Homo sapiens cytochrome P450, subfamily XXVIIA (steroid 27-hydroxylase, cerebrotendinous xanthomatosis), polypeptide 1 (CYP27A1), nuclear gene encoding mitochondrial protein, mRNA."
"126","ZH440","CYP2E1","NM_000773.2","Homo sapiens cytochrome P450, subfamily IIE (ethanol-inducible), polypeptide 1 (CYP2E1), mRNA."
"127","ZH341","CYP2J2","NM_000775.2","Homo sapiens cytochrome P450, subfamily IIJ (arachidonic acid epoxygenase) polypeptide 2 (CYP2J2), mRNA."
"128","ZH365","DAG1","NM_004393.1","Homo sapiens dystroglycan 1 (dystrophin-associated glycoprotein 1) (DAG1), mRNA."
"129","ZH353","DAXX","NM_001350.1","Homo sapiens death-associated protein 6 (DAXX), mRNA."
"130","ZH345","DNAJA1","NM_001539.1","Homo sapiens DnaJ (Hsp40) homolog, subfamily A, member 1 (DNAJA1), mRNA."
"131","ZH280","DPP4","NM_001935.2","Homo sapiens dipeptidylpeptidase IV (CD26, adenosine deaminase complexing protein 2) (DPP4), mRNA."
"132","ZH371","DUSP2","NM_004418.2","Homo sapiens dual specificity phosphatase 2 (DUSP2), mRNA."
"133","ZH082","ECE1","NM_001397.1","Homo sapiens endothelin converting enzyme 1 (ECE1), mRNA."
"134","ZH138","EDN1","NM_001955.2","Homo sapiens endothelin 1 (EDN1), mRNA."
"135","ZH218","EDN2","NM_001956.1","Homo sapiens endothelin 2 (EDN2), mRNA."
"136","ZH219","EDN3","NM_000114.1","Homo sapiens endothelin 3 (EDN3), mRNA."
"137","ZH076","EDNRA","NM_001957.1","Homo sapiens endothelin receptor type A (EDNRA), mRNA."
"138","ZH161","EDNRB","NM_000115.1","Homo sapiens endothelin receptor type B (EDNRB), transcript variant 1, mRNA."
"139","ZH128","EGF","NM_001963.2","Homo sapiens epidermal growth factor (beta-urogastrone) (EGF), mRNA."
"140","ZH392","EGFR","NM_005228.1","Homo sapiens epidermal growth factor receptor (erythroblastic leukemia viral (v-erb-b) oncogene homolog, avian) (EGFR), mRNA."
"141","ZH093","EGR1","NM_001964.1","Homo sapiens early growth response 1 (EGR1), mRNA."
"142","ZH256","EPO","NM_000799.1","Homo sapiens erythropoietin (EPO), mRNA."
"143","ZH324","EPOR","NM_000121.2","Homo sapiens erythropoietin receptor (EPOR), mRNA."
"144","ZH154","F2","NM_000506.2","Homo sapiens coagulation factor II (thrombin) (F2), mRNA."
"145","ZH368","F3","NM_001993.2","Homo sapiens coagulation factor III (thromboplastin, tissue factor) (F3), mRNA."
"146","ZH370","F5","NM_000130.2","Homo sapiens coagulation factor V (proaccelerin, labile factor) (F5), mRNA."
"147","ZH322","FADD","NM_003824.2","Homo sapiens Fas (TNFRSF6)-associated via death domain (FADD), mRNA."
"148","ZH343","FAP","NM_004460.2","Homo sapiens fibroblast activation protein, alpha (FAP), mRNA."
"149","ZH420","FCER1G","NM_004106.1","Homo sapiens Fc fragment of IgE, high affinity I, receptor for; gamma polypeptide (FCER1G), mRNA."
"150","ZH197","FCGBP","NM_003890.1","Homo sapiens Fc fragment of IgG binding protein (FCGBP), mRNA."
"151","ZH308","FCGR2A","NM_021642.1","Homo sapiens Fc fragment of IgG, low affinity IIa, receptor for (CD32) (FCGR2A), mRNA."
"152","ZH379","FGF1","NM_000800.2","Homo sapiens fibroblast growth factor 1 (acidic) (FGF1), transcript variant 1, mRNA."
"153","ZH195","FGF9","NM_002010.1","Homo sapiens fibroblast growth factor 9 (glia-activating factor) (FGF9), mRNA."
"154","ZH151","FGFR1","NM_015850.2","Homo sapiens fibroblast growth factor receptor 1 (fms-related tyrosine kinase 2, Pfeiffer syndrome) (FGFR1), transcript variant 2, mRNA."
"155","ZH120","FGFR2","NM_023031.1","Homo sapiens fibroblast growth factor receptor 2 (bacteria-expressed kinase, keratinocyte growth factor receptor, craniofacial dysostosis 1, Crouzon syndrome, Pfeiffer syndrome, Jackson-Weiss syndrome) (FGFR2), transcript variant 13, mRNA."
"156","ZH351","FKBP1B","NM_004116.2","Homo sapiens FK506 binding protein 1B, 12.6 kDa (FKBP1B), transcript variant 1, mRNA."
"157","ZH330","FKBP3","NM_002013.2","Homo sapiens FK506 binding protein 3, 25kDa (FKBP3), mRNA."
"158","ZH166","FKBP4","NM_002014.2","Homo sapiens FK506 binding protein 4, 59kDa (FKBP4), mRNA."
"159","ZH348","FKBPL","NM_022110.2","Homo sapiens FK506 binding protein like (FKBPL), mRNA."
"160","ZH432","FN1","NM_054034.1","Homo sapiens fibronectin 1 (FN1), transcript variant 2, mRNA."
"161","ZH433","FOSL1","NM_005438.1","Homo sapiens FOS-like antigen 1 (FOSL1), mRNA."
"162","ZH434","FOSL2","NM_005253.1","Homo sapiens FOS-like antigen 2 (FOSL2), mRNA."
"163","ZH335","FYB","NM_001465.1","Homo sapiens FYN binding protein (FYB-120/130) (FYB), mRNA."
"164","ZH424","GAS6","NM_000820.1","Homo sapiens growth arrest-specific 6 (GAS6), mRNA."
"165","ZH411","GC","NM_000583.1","Homo sapiens group-specific component (vitamin D binding protein) (GC), mRNA."
"166","ZH050","GNLY","NM_012483.1","Homo sapiens granulysin (GNLY), transcript variant 519, mRNA."
"167","ZH072","GPR1","NM_005279.1","Homo sapiens G protein-coupled receptor 1 (GPR1), mRNA."
"168","ZH171","GPR18","NM_005292.1","Homo sapiens G protein-coupled receptor 18 (GPR18), mRNA."
"169","ZH121","GPR37","NM_005302.1","Homo sapiens G protein-coupled receptor 37 (endothelin receptor type B-like) (GPR37), mRNA."
"170","ZH175","GZMA","NM_006144.2","Homo sapiens granzyme A (granzyme 1, cytotoxic T-lymphocyte-associated serine esterase 3) (GZMA), mRNA."
"171","ZH052","GZMB","NM_004131.2","Homo sapiens granzyme B (granzyme 2, cytotoxic T-lymphocyte-associated serine esterase 1) (GZMB), mRNA."
"172","ZH090","GZMK","NM_002104.1","Homo sapiens granzyme K (serine protease, granzyme 3; tryptase II) (GZMK), mRNA."
"173","ZH137","GZMM","NM_005317.2","Homo sapiens granzyme M (lymphocyte met-ase 1) (GZMM), mRNA."
"174","ZH404","HGF","XM_168542.2","Homo sapiens hepatocyte growth factor (hepapoietin A; scatter factor) (HGF), mRNA."
"175","ZH374","HLA-DQA1","NM_002122.2","Homo sapiens major histocompatibility complex, class II, DQ alpha 1 (HLA-DQA1), mRNA."
"176","ZH073","HMOX1","NM_002133.1","Homo sapiens heme oxygenase (decycling) 1 (HMOX1), mRNA."
"177","ZH153","HSPB1","NM_001540.2","Homo sapiens heat shock 27kDa protein 1 (HSPB1), mRNA."
"178","ZH346","HSPE1","NM_002157.1","Homo sapiens heat shock 10kDa protein 1 (chaperonin 10) (HSPE1), mRNA."
"179","ZH046","ICAM1","NM_000201.1","Homo sapiens intercellular adhesion molecule 1 (CD54), human rhinovirus receptor (ICAM1), mRNA."
"180","ZH047","ICAM3","NM_002162.2","Homo sapiens intercellular adhesion molecule 3 (ICAM3), mRNA."
"181","ZH045","ICAM4","NM_022377.1","Homo sapiens intercellular adhesion molecule 4, Landsteiner-Wiener blood group (ICAM4), transcript variant 2, mRNA."
"182","ZH281","ICOS","NM_012092.1","Homo sapiens inducible T-cell co-stimulator (ICOS), mRNA."
"183","ZH198","IFNA21","NM_002175.1","Homo sapiens interferon, alpha 21 (IFNA21), mRNA."
"184","ZH057","IFNA4","NM_021068.1","Homo sapiens interferon, alpha 4 (IFNA4), mRNA."
"185","ZH139","IFNAR2","NM_000874.2","Homo sapiens interferon (alpha, beta and omega) receptor 2 (IFNAR2), mRNA."
"186","ZH178","IFNB1","NM_002176.1","Homo sapiens interferon, beta 1, fibroblast (IFNB1), mRNA."
"187","ZH168","IFNG","NM_000619.1","Homo sapiens interferon, gamma (IFNG), mRNA."
"188","ZH423","IGBP1","NM_001551.1","Homo sapiens immunoglobulin (CD79A) binding protein 1 (IGBP1), mRNA."
"189","ZH376","IGF1","NM_000618.2","Homo sapiens insulin-like growth factor 1 (somatomedin C) (IGF1), mRNA."
"190","ZH101","IGLL1","NM_020070.2","Homo sapiens immunoglobulin lambda-like polypeptide 1 (IGLL1), transcript variant 1, mRNA."
"191","ZH192","IL10","NM_000572.2","Homo sapiens interleukin 10 (IL10), mRNA."
"192","ZH228","IL11","NM_000641.2","Homo sapiens interleukin 11 (IL11), mRNA."
"193","ZH339","IL11RA","NM_147162.1","Homo sapiens interleukin 11 receptor, alpha (IL11RA), transcript variant 2, mRNA."
"194","ZH286","IL12A","NM_000882.2","Homo sapiens interleukin 12A (IL12A), mRNA."
"195","ZH287","IL12B","NM_002187.2","Homo sapiens interleukin 12B (IL12B), mRNA."
"196","ZH205","IL12RB1","NM_005535.1","Homo sapiens interleukin 12 receptor, beta 1 (IL12RB1), transcript variant 1, mRNA."
"197","ZH319","IL13","NM_002188.1","Homo sapiens interleukin 13 (IL13), mRNA."
"198","ZH342","IL15","NM_000585.1","Homo sapiens interleukin 15 (IL15), mRNA."
"199","ZH207","IL15RA","NM_002189.1","Homo sapiens interleukin 15 receptor, alpha (IL15RA), mRNA."
"200","ZH165","IL18","NM_001562.1","Homo sapiens interleukin 18 (interferon-gamma-inducing factor) (IL18), mRNA."
"201","ZH226","IL18R1","NM_003855.1","Homo sapiens interleukin 18 receptor 1 (IL18R1), mRNA."
"202","ZH290","IL19","NM_013371.1","Homo sapiens interleukin 19 (IL19), mRNA."
"203","ZH229","IL1A","NM_000575.2","Homo sapiens interleukin 1, alpha (IL1A), mRNA."
"204","ZH312","IL1R1","NM_000877.1","Homo sapiens interleukin 1 receptor, type I (IL1R1), mRNA."
"205","ZH325","IL2","NM_000586.1","Homo sapiens interleukin 2 (IL2), mRNA."
"206","ZH449","IL21","NM_021803.1","Homo sapiens interleukin 21 (IL21), mRNA."
"207","ZH230","IL2RA","NM_000417.1","Homo sapiens interleukin 2 receptor, alpha (IL2RA), mRNA."
"208","ZH303","IL2RB","NM_000878.2","Homo sapiens interleukin 2 receptor, beta (IL2RB), mRNA."
"209","ZH295","IL4","NM_000589.1","Homo sapiens interleukin 4 (IL4), mRNA."
"210","ZH246","IL5","NM_000879.1","Homo sapiens interleukin 5 (colony-stimulating factor, eosinophil) (IL5), mRNA."
"211","ZH288","IL5RA","NM_000564.1","Homo sapiens interleukin 5 receptor, alpha (IL5RA), mRNA."
"212","ZH140","IL6","NM_000600.1","Homo sapiens interleukin 6 (interferon, beta 2) (IL6), mRNA."
"213","ZH236","IL6R","NM_000565.1","Homo sapiens interleukin 6 receptor (IL6R), mRNA."
"214","ZH421","IL6ST","NM_002184.1","Homo sapiens interleukin 6 signal transducer (gp130, oncostatin M receptor) (IL6ST), mRNA."
"215","ZH407","IL9","NM_000590.1","Homo sapiens interleukin 9 (IL9), mRNA."
"216","ZH367","ILK","NM_004517.1","Homo sapiens integrin-linked kinase (ILK), mRNA."
"217","ZH181","IRF1","NM_002198.1","Homo sapiens interferon regulatory factor 1 (IRF1), mRNA."
"218","ZH203","ITGA1","XM_032902.6","Homo sapiens integrin, alpha 1 (ITGA1), mRNA."
"219","ZH259","ITGA2","NM_002203.2","Homo sapiens integrin, alpha 2 (CD49B, alpha 2 subunit of VLA-2 receptor) (ITGA2), mRNA."
"220","ZH258","ITGA3","NM_002204.1","Homo sapiens integrin, alpha 3 (antigen CD49C, alpha 3 subunit of VLA-3 receptor) (ITGA3), transcript variant a, mRNA."
"221","ZH385","ITGA4","NM_000885.2","Homo sapiens integrin, alpha 4 (antigen CD49D, alpha 4 subunit of VLA-4 receptor) (ITGA4), mRNA."
"222","ZH220","ITGA5","NM_002205.1","Homo sapiens integrin, alpha 5 (fibronectin receptor, alpha polypeptide) (ITGA5), mRNA."
"223","ZH252","ITGA6","NM_000210.1","Homo sapiens integrin, alpha 6 (ITGA6), mRNA."
"224","ZH296","ITGA7","NM_002206.1","Homo sapiens integrin, alpha 7 (ITGA7), mRNA."
"225","ZH380","ITGA8","XM_167711.1","Homo sapiens integrin, alpha 8 (ITGA8), mRNA."
"226","ZH247","ITGA9","NM_002207.1","Homo sapiens integin, alpha 9 (ITGA9), mRNA."
"227","ZH321","ITGAE","NM_002208.3","Homo sapiens integrin, alpha E (antigen CD103, human mucosal lymphocyte antigen 1; alpha polypeptide) (ITGAE), mRNA."
"228","ZH414","ITGAL","NM_002209.1","Homo sapiens integrin, alpha L (antigen CD11A (p180), lymphocyte function-associated antigen 1; alpha polypeptide) (ITGAL), mRNA."
"229","ZH231","ITGAM","NM_000632.2","Homo sapiens integrin, alpha M (complement component receptor 3, alpha; also known as CD11b (p170), macrophage antigen alpha polypeptide) (ITGAM), mRNA."
"230","ZH269","ITGAV","NM_002210.1","Homo sapiens integrin, alpha V (vitronectin receptor, alpha polypeptide, antigen CD51) (ITGAV), mRNA."
"231","ZH267","ITGB1","NM_133376.1","Homo sapiens integrin, beta 1 (fibronectin receptor, beta polypeptide, antigen CD29 includes MDF2, MSK12) (ITGB1), transcript variant 1E, mRNA."
"232","ZH320","ITGB2","NM_000211.1","Homo sapiens integrin, beta 2 (antigen CD18 (p95), lymphocyte function-associated antigen 1; macrophage antigen 1 (mac-1) beta subunit) (ITGB2), mRNA."
"233","ZH373","ITGB3","NM_000212.1","Homo sapiens integrin, beta 3 (platelet glycoprotein IIIa, antigen CD61) (ITGB3), mRNA."
"234","ZH406","ITGB4","NM_000213.2","Homo sapiens integrin, beta 4 (ITGB4), mRNA."
"235","ZH221","ITGB5","NM_002213.2","Homo sapiens integrin, beta 5 (ITGB5), mRNA."
"236","ZH233","ITGB7","NM_000889.1","Homo sapiens integrin, beta 7 (ITGB7), mRNA."
"237","ZH243","ITK","NM_005546.3","Homo sapiens IL2-inducible T-cell kinase (ITK), mRNA."
"238","ZH448","JAK3","NM_000215.1","Homo sapiens Janus kinase 3 (a protein tyrosine kinase, leukocyte) (JAK3), mRNA."
"239","ZH155","JUN","NM_002228.2","Homo sapiens v-jun sarcoma virus 17 oncogene homolog (avian) (JUN), mRNA."
"240","ZH126","LAG3","NM_002286.4","Homo sapiens lymphocyte-activation gene 3 (LAG3), mRNA."
"241","ZH362","LAMA5","NM_005560.3","Homo sapiens laminin, alpha 5 (LAMA5), mRNA."
"242","ZH381","LAMB2","NM_002292.2","Homo sapiens laminin, beta 2 (laminin S) (LAMB2), mRNA."
"243","ZH068","LCK","NM_005356.2","Homo sapiens lymphocyte-specific protein tyrosine kinase (LCK), mRNA."
"244","ZH115","LCP1","NM_002298.2","Homo sapiens lymphocyte cytosolic protein 1 (L-plastin) (LCP1), mRNA."
"245","ZH415","LCP2","NM_005565.2","Homo sapiens lymphocyte cytosolic protein 2 (SH2 domain containing leukocyte protein of 76kDa) (LCP2), mRNA."
"246","ZH132","LEF1","NM_016269.2","Homo sapiens lymphoid enhancer-binding factor 1 (LEF1), mRNA."
"247","ZH237","LEP","NM_000230.1","Homo sapiens leptin (obesity homolog, mouse) (LEP), mRNA."
"248","ZH251","LEPR","NM_002303.1","Homo sapiens leptin receptor (LEPR), mRNA."
"249","ZH331","LIG1","NM_000234.1","Homo sapiens ligase I, DNA, ATP-dependent (LIG1), mRNA."
"250","ZH111","LTA","NM_000595.2","Homo sapiens lymphotoxin alpha (TNF superfamily, member 1) (LTA), mRNA."
"251","ZH114","LTB","NM_009588.1","Homo sapiens lymphotoxin beta (TNF superfamily, member 3) (LTB), transcript variant 2, mRNA."
"252","ZH053","LTBR","NM_002342.1","Homo sapiens lymphotoxin beta receptor (TNFR superfamily, member 3) (LTBR), mRNA."
"253","ZH133","LTF","NM_002343.1","Homo sapiens lactotransferrin (LTF), mRNA."
"254","ZH064","LY75","NM_002349.1","Homo sapiens lymphocyte antigen 75 (LY75), mRNA."
"255","ZH119","LY9","XM_049749.1","Homo sapiens lymphocyte antigen 9 (LY9), mRNA."
"256","ZH162","MADD","NM_003682.2","Homo sapiens MAP-kinase activating death domain (MADD), transcript variant 4, mRNA."
"257","ZH299","MAP2K4","NM_003010.2","Homo sapiens mitogen-activated protein kinase kinase 4 (MAP2K4), mRNA."
"258","ZH054","MAP2K7","NM_145329.1","Homo sapiens mitogen-activated protein kinase kinase 7 (MAP2K7), transcript variant C, mRNA."
"259","ZH117","MAP3K4","NM_006724.1","Homo sapiens mitogen-activated protein kinase kinase kinase 4 (MAP3K4), transcript variant 2, mRNA."
"260","ZH060","MAP3K5","NM_005923.3","Homo sapiens mitogen-activated protein kinase kinase kinase 5 (MAP3K5), mRNA."
"261","ZH071","MAP3K6","NM_145319.1","Homo sapiens mitogen-activated protein kinase kinase kinase 6 (MAP3K6), transcript variant 2, mRNA."
"262","ZH092","MAP3K7","NM_145333.1","Homo sapiens mitogen-activated protein kinase kinase kinase 7 (MAP3K7), transcript variant D, mRNA."
"263","ZH428","MAP4K5","NM_006575.2","Homo sapiens mitogen-activated protein kinase kinase kinase kinase 5 (MAP4K5), mRNA."
"264","ZH094","MAPK1","NM_138957.1","Homo sapiens mitogen-activated protein kinase 1 (MAPK1), transcript variant 2, mRNA."
"265","ZH086","MAPK10","NM_138982.1","Homo sapiens mitogen-activated protein kinase 10 (MAPK10), transcript variant 2, mRNA."
"266","ZH144","MAPK11","NM_002751.4","Homo sapiens mitogen-activated protein kinase 11 (MAPK11), transcript variant 1, mRNA."
"267","ZH069","MAPK13","NM_002754.3","Homo sapiens mitogen-activated protein kinase 13 (MAPK13), mRNA."
"268","ZH157","MAPK14","NM_001315.1","Homo sapiens mitogen-activated protein kinase 14 (MAPK14), transcript variant 1, mRNA."
"269","ZH170","MAPK3","XM_055766.5","Homo sapiens mitogen-activated protein kinase 3 (MAPK3), mRNA."
"270","ZH131","MAPK4","NM_002747.2","Homo sapiens mitogen-activated protein kinase 4 (MAPK4), mRNA."
"271","ZH088","MAPK6","NM_002748.2","Homo sapiens mitogen-activated protein kinase 6 (MAPK6), mRNA."
"272","ZH058","MAPK7","NM_139033.1","Homo sapiens mitogen-activated protein kinase 7 (MAPK7), transcript variant 1, mRNA."
"273","ZH135","MAPK8","NM_139046.1","Homo sapiens mitogen-activated protein kinase 8 (MAPK8), transcript variant 3, mRNA."
"274","ZH100","MAPK9","NM_139068.1","Homo sapiens mitogen-activated protein kinase 9 (MAPK9), transcript variant 2, mRNA."
"275","ZH431","MAPKAPK3","NM_004635.2","Homo sapiens mitogen-activated protein kinase-activated protein kinase 3 (MAPKAPK3), mRNA."
"276","ZH416","MAPRE2","NM_014268.1","Homo sapiens microtubule-associated protein, RP/EB family, member 2 (MAPRE2), mRNA."
"277","ZH427","MERTK","NM_006343.1","Homo sapiens c-mer proto-oncogene tyrosine kinase (MERTK), mRNA."
"278","ZH397","MIF","NM_002415.1","Homo sapiens macrophage migration inhibitory factor (glycosylation-inhibiting factor) (MIF), mRNA."
"279","ZH412","MKI67","NM_002417.2","Homo sapiens antigen identified by monoclonal antibody Ki-67 (MKI67), mRNA."
"280","ZH395","MMP1","NM_002421.2","Homo sapiens matrix metalloproteinase 1 (interstitial collagenase) (MMP1), mRNA."
"281","ZH250","MMP10","NM_002425.1","Homo sapiens matrix metalloproteinase 10 (stromelysin 2) (MMP10), mRNA."
"282","ZH268","MMP13","NM_002427.2","Homo sapiens matrix metalloproteinase 13 (collagenase 3) (MMP13), mRNA."
"283","ZH443","MMP14","NM_004995.2","Homo sapiens matrix metalloproteinase 14 (membrane-inserted) (MMP14), mRNA."
"284","ZH310","MMP15","NM_002428.1","Homo sapiens matrix metalloproteinase 15 (membrane-inserted) (MMP15), mRNA."
"285","ZH110","MMP2","NM_004530.1","Homo sapiens matrix metalloproteinase 2 (gelatinase A, 72kDa gelatinase, 72kDa type IV collagenase) (MMP2), mRNA."
"286","ZH444","MMP3","NM_002422.2","Homo sapiens matrix metalloproteinase 3 (stromelysin 1, progelatinase) (MMP3), mRNA."
"287","ZH249","MMP7","NM_002423.2","Homo sapiens matrix metalloproteinase 7 (matrilysin, uterine) (MMP7), mRNA."
"288","ZH223","MMP9","NM_004994.1","Homo sapiens matrix metalloproteinase 9 (gelatinase B, 92kDa gelatinase, 92kDa type IV collagenase) (MMP9), mRNA."
"289","ZH001","MNDA","NM_002432.1","Homo sapiens myeloid cell nuclear differentiation antigen (MNDA), mRNA."
"290","ZH314","MYD88","NM_002468.2","Homo sapiens myeloid differentiation primary response gene (88) (MYD88), mRNA."
"291","ZH142","NFATC1","NM_006162.2","Homo sapiens nuclear factor of activated T-cells, cytoplasmic, calcineurin-dependent 1 (NFATC1), mRNA."
"292","ZH108","NFATC2","NM_012340.1","Homo sapiens nuclear factor of activated T-cells, cytoplasmic, calcineurin-dependent 2 (NFATC2), mRNA."
"293","ZH419","NFATC3","NM_004555.1","Homo sapiens nuclear factor of activated T-cells, cytoplasmic, calcineurin-dependent 3 (NFATC3), mRNA."
"294","ZH067","NFKB1","NM_003998.1","Homo sapiens nuclear factor of kappa light polypeptide gene enhancer in B-cells 1 (p105) (NFKB1), mRNA."
"295","ZH401","NFKB2","NM_002502.2","Homo sapiens nuclear factor of kappa light polypeptide gene enhancer in B-cells 2 (p49/p100) (NFKB2), mRNA."
"296","ZH337","NFKBIA","NM_020529.1","Homo sapiens nuclear factor of kappa light polypeptide gene enhancer in B-cells inhibitor, alpha (NFKBIA), mRNA."
"297","ZH336","NFKBIB","NM_002503.2","Homo sapiens nuclear factor of kappa light polypeptide gene enhancer in B-cells inhibitor, beta (NFKBIB), mRNA."
"298","ZH436","NFKBIE","NM_004556.1","Homo sapiens nuclear factor of kappa light polypeptide gene enhancer in B-cells inhibitor, epsilon (NFKBIE), mRNA."
"299","ZH051","NFYA","NM_002505.2","Homo sapiens nuclear transcription factor Y, alpha (NFYA), transcript variant 1, mRNA."
"300","ZH109","NNMT","NM_006169.1","Homo sapiens nicotinamide N-methyltransferase (NNMT), mRNA."
"301","ZH127","NOS1","NM_000620.1","Homo sapiens nitric oxide synthase 1 (neuronal) (NOS1), mRNA."
"302","ZH136","NOS3","NM_000603.1","Homo sapiens nitric oxide synthase 3 (endothelial cell) (NOS3), mRNA."
"303","ZH361","NPHS1","NM_004646.1","Homo sapiens nephrosis 1, congenital, Finnish type (nephrin) (NPHS1), mRNA."
"304","ZH363","NPHS2","NM_014625.1","Homo sapiens nephrosis 2, idiopathic, steroid-resistant (podocin) (NPHS2), mRNA."
"305","ZH408","NR3C1","NM_000176.1","Homo sapiens nuclear receptor subfamily 3, group C, member 1 (glucocorticoid receptor) (NR3C1), mRNA."
"306","ZH232","NRG1","NM_013964.1","Homo sapiens neuregulin 1 (NRG1), transcript variant HRG-alpha, mRNA."
"307","ZH289","NRP1","NM_003873.1","Homo sapiens neuropilin 1 (NRP1), mRNA."
"308","ZH148","PAK1","NM_002576.2","Homo sapiens p21/Cdc42/Rac1-activated kinase 1 (STE20 homolog, yeast) (PAK1), mRNA."
"309","ZH091","PAK2","NM_002577.1","Homo sapiens p21 (CDKN1A)-activated kinase 2 (PAK2), mRNA."
"310","ZH062","PAK3","NM_002578.1","Homo sapiens p21 (CDKN1A)-activated kinase 3 (PAK3), mRNA."
"311","ZH077","PAK4","NM_005884.2","Homo sapiens p21(CDKN1A)-activated kinase 4 (PAK4), mRNA."
"312","ZH409","PCNA","NM_002592.1","Homo sapiens proliferating cell nuclear antigen (PCNA), mRNA."
"313","ZH399","PDCD1","NM_005018.1","Homo sapiens programmed cell death 1 (PDCD1), mRNA."
"314","ZH278","PDGFA","NM_002607.2","Homo sapiens platelet-derived growth factor alpha polypeptide (PDGFA), transcript variant 1, mRNA."
"315","ZH307","PECAM1","NM_000442.2","Homo sapiens platelet/endothelial cell adhesion molecule (CD31 antigen) (PECAM1), mRNA."
"316","ZH169","PIK3CA","NM_006218.1","Homo sapiens phosphoinositide-3-kinase, catalytic, alpha polypeptide (PIK3CA), mRNA."
"317","ZH097","PIK3CG","NM_002649.2","Homo sapiens phosphoinositide-3-kinase, catalytic, gamma polypeptide (PIK3CG), mRNA."
"318","ZH089","PLAT","NM_000931.2","Homo sapiens plasminogen activator, tissue (PLAT), transcript variant 2, mRNA."
"319","ZH349","PLAU","NM_002658.1","Homo sapiens plasminogen activator, urokinase (PLAU), mRNA."
"320","ZH394","PLAUR","NM_002659.1","Homo sapiens plasminogen activator, urokinase receptor (PLAUR), mRNA."
"321","ZH338","PPID","NM_005038.1","Homo sapiens peptidylprolyl isomerase D (cyclophilin D) (PPID), mRNA."
"322","ZH441","PPP2CA","NM_002715.1","Homo sapiens protein phosphatase 2 (formerly 2A), catalytic subunit, alpha isoform (PPP2CA), mRNA."
"323","ZH260","PPP3CA","NM_000944.2","Homo sapiens protein phosphatase 3 (formerly 2B), catalytic subunit, alpha isoform (calcineurin A alpha) (PPP3CA), mRNA."
"324","ZH222","PPP3CB","NM_021132.1","Homo sapiens protein phosphatase 3 (formerly 2B), catalytic subunit, beta isoform (calcineurin A beta) (PPP3CB), mRNA."
"325","ZH298","PPP3CC","NM_005605.2","Homo sapiens protein phosphatase 3 (formerly 2B), catalytic subunit, gamma isoform (calcineurin A gamma) (PPP3CC), mRNA."
"326","ZH261","PPP3R1","NM_000945.2","Homo sapiens protein phosphatase 3 (formerly 2B), regulatory subunit B, 19kDa, alpha isoform (calcineurin B, type I) (PPP3R1), mRNA."
"327","ZH332","PRDX1","NM_002574.1","Homo sapiens peroxiredoxin 1 (PRDX1), mRNA."
"328","ZH080","PRF1","NM_005041.1","Homo sapiens perforin 1 (preforming protein) (PRF1), mRNA."
"329","ZH103","PRKCA","NM_002737.1","Homo sapiens protein kinase C, alpha (PRKCA), mRNA."
"330","ZH065","PRKCD","NM_006254.1","Homo sapiens protein kinase C, delta (PRKCD), mRNA."
"331","ZH123","PRKCQ","NM_006257.1","Homo sapiens protein kinase C, theta (PRKCQ), mRNA."
"332","ZH384","PRKCZ","NM_002744.2","Homo sapiens protein kinase C, zeta (PRKCZ), mRNA."
"333","ZH173","PTGS1","NM_000962.2","Homo sapiens prostaglandin-endoperoxide synthase 1 (prostaglandin G/H synthase and cyclooxygenase) (PTGS1), transcript variant 1, mRNA."
"334","ZH074","PTGS2","NM_000963.1","Homo sapiens prostaglandin-endoperoxide synthase 2 (prostaglandin G/H synthase and cyclooxygenase) (PTGS2), mRNA."
"335","ZH422","PTPRC","NM_080922.1","Homo sapiens protein tyrosine phosphatase, receptor type, C (PTPRC), transcript variant 3, mRNA."
"336","ZH359","PTPRO","NM_030670.1","Homo sapiens protein tyrosine phosphatase, receptor type, O (PTPRO), transcript variant 6, mRNA."
"337","ZH194","RAB38","NM_022337.1","Homo sapiens RAB38, member RAS oncogene family (RAB38), mRNA."
"338","ZH149","RAG1","NM_000448.1","Homo sapiens recombination activating gene 1 (RAG1), mRNA."
"339","ZH418","RAG2","XM_089839.4","Homo sapiens recombination activating gene 2 (RAG2), mRNA."
"340","ZH193","RAN","NM_006325.2","Homo sapiens RAN, member RAS oncogene family (RAN), mRNA."
"341","ZH413","RARA","NM_000964.1","Homo sapiens retinoic acid receptor, alpha (RARA), mRNA."
"342","ZH156","RGS2","NM_002923.1","Homo sapiens regulator of G-protein signalling 2, 24kDa (RGS2), mRNA."
"343","ZH116","RGS4","NM_005613.2","Homo sapiens regulator of G-protein signalling 4 (RGS4), mRNA."
"344","ZH003","SELE","NM_000450.1","Homo sapiens selectin E (endothelial adhesion molecule 1) (SELE), mRNA."
"345","ZH163","SELL","NM_000655.2","Homo sapiens selectin L (lymphocyte adhesion molecule 1) (SELL), mRNA."
"346","ZH293","SELP","NM_003005.2","Homo sapiens selectin P (granule membrane protein 140kDa, antigen CD62) (SELP), mRNA."
"347","ZH129","SELPLG","NM_003006.2","Homo sapiens selectin P ligand (SELPLG), mRNA."
"348","ZH375","SERPINE1","NM_000602.1","Homo sapiens serine (or cysteine) proteinase inhibitor, clade E (nexin, plasminogen activator inhibitor type 1), member 1 (SERPINE1), mRNA."
"349","ZH059","SH2D1A","NM_002351.1","Homo sapiens SH2 domain protein 1A, Duncan's disease (lymphoproliferative syndrome) (SH2D1A), mRNA."
"350","ZH049","SH2D2A","NM_003975.1","Homo sapiens SH2 domain protein 2A (SH2D2A), mRNA."
"351","ZH387","SP1","XM_028606.4","Homo sapiens Sp1 transcription factor (SP1), mRNA."
"352","ZH225","SRF","NM_003131.1","Homo sapiens serum response factor (c-fos serum response element-binding transcription factor) (SRF), mRNA."
"353","ZH447","STAM","NM_003473.2","Homo sapiens signal transducing adaptor molecule (SH3 domain and ITAM motif) 1 (STAM), mRNA."
"354","ZH446","STAM2","NM_005843.3","Homo sapiens signal transducing adaptor molecule (SH3 domain and ITAM motif) 2 (STAM2), mRNA."
"355","ZH078","STAT1","NM_139266.1","Homo sapiens signal transducer and activator of transcription 1, 91kDa (STAT1), transcript variant beta, mRNA."
"356","ZH291","STAT2","NM_005419.1","Homo sapiens signal transducer and activator of transcription 2, 113kDa (STAT2), mRNA."
"357","ZH273","STAT3","NM_139276.1","Homo sapiens signal transducer and activator of transcription 3 (acute-phase response factor) (STAT3), transcript variant 1, mRNA."
"358","ZH160","STAT4","NM_003151.2","Homo sapiens signal transducer and activator of transcription 4 (STAT4), mRNA."
"359","ZH177","STK17A","NM_004760.1","Homo sapiens serine/threonine kinase 17a (apoptosis-inducing) (STK17A), mRNA."
"360","ZH172","STK17B","NM_004226.1","Homo sapiens serine/threonine kinase 17b (apoptosis-inducing) (STK17B), mRNA."
"361","ZH104","STK4","NM_006282.1","Homo sapiens serine/threonine kinase 4 (STK4), mRNA."
"362","ZH435","TCF20","XM_040067.2","Homo sapiens transcription factor 20 (AR1) (TCF20), mRNA."
"363","ZH366","TCF21","NM_003206.1","Homo sapiens transcription factor 21 (TCF21), mRNA."
"364","ZH350","TCF7","NM_003202.1","Homo sapiens transcription factor 7 (T-cell specific, HMG-box) (TCF7), mRNA."
"365","ZH306","TFRC","NM_003234.1","Homo sapiens transferrin receptor (p90, CD71) (TFRC), mRNA."
"366","ZH196","TGFB1","NM_000660.1","Homo sapiens transforming growth factor, beta 1 (Camurati-Engelmann disease) (TGFB1), mRNA."
"367","ZH358","TGFB2","NM_003238.1","Homo sapiens transforming growth factor, beta 2 (TGFB2), mRNA."
"368","ZH356","TGFB3","NM_003239.1","Homo sapiens transforming growth factor, beta 3 (TGFB3), mRNA."
"369","ZH245","TGFBR1","NM_004612.1","Homo sapiens transforming growth factor, beta receptor I (activin A receptor type II-like kinase, 53kDa) (TGFBR1), mRNA."
"370","ZH311","TGFBR2","NM_003242.3","Homo sapiens transforming growth factor, beta receptor II (70/80kDa) (TGFBR2), mRNA."
"371","ZH075","THBD","NM_000361.1","Homo sapiens thrombomodulin (THBD), mRNA."
"372","ZH405","THBS1","NM_003246.1","Homo sapiens thrombospondin 1 (THBS1), mRNA."
"373","ZH202","THPO","NM_000460.1","Homo sapiens thrombopoietin (myeloproliferative leukemia virus oncogene ligand, megakaryocyte growth and development factor) (THPO), mRNA."
"374","ZH393","TIMP1","NM_003254.1","Homo sapiens tissue inhibitor of metalloproteinase 1 (erythroid potentiating activity, collagenase inhibitor) (TIMP1), mRNA."
"375","ZH396","TIMP2","NM_003255.2","Homo sapiens tissue inhibitor of metalloproteinase 2 (TIMP2), mRNA."
"376","ZH386","TLR2","NM_003264.2","Homo sapiens toll-like receptor 2 (TLR2), mRNA."
"377","ZH372","TLR4","NM_138557.1","Homo sapiens toll-like receptor 4 (TLR4), transcript variant 4, mRNA."
"378","ZH199","TLR5","NM_003268.3","Homo sapiens toll-like receptor 5 (TLR5), mRNA."
"379","ZH347","TMPO","NM_003276.1","Homo sapiens thymopoietin (TMPO), mRNA."
"380","ZH334","TNF","NM_000594.1","Homo sapiens tumor necrosis factor (TNF superfamily, member 2) (TNF), mRNA."
"381","ZH200","TNFRSF11A","NM_003839.2","Homo sapiens tumor necrosis factor receptor superfamily, member 11a, activator of NFKB (TNFRSF11A), mRNA."
"382","ZH188","TNFRSF13B","NM_012452.2","Homo sapiens tumor necrosis factor receptor superfamily, member 13B (TNFRSF13B), mRNA."
"383","ZH184","TNFRSF18","NM_004195.2","Homo sapiens tumor necrosis factor receptor superfamily, member 18 (TNFRSF18), transcript variant 1, mRNA."
"384","ZH378","TNFRSF1A","NM_001065.2","Homo sapiens tumor necrosis factor receptor superfamily, member 1A (TNFRSF1A), mRNA."
"385","ZH213","TNFRSF4","NM_003327.2","Homo sapiens tumor necrosis factor receptor superfamily, member 4 (TNFRSF4), mRNA."
"386","ZH355","TNFRSF8","NM_001243.2","Homo sapiens tumor necrosis factor receptor superfamily, member 8 (TNFRSF8), transcript variant 1, mRNA."
"387","ZH294","TNFRSF9","NM_001561.4","Homo sapiens tumor necrosis factor receptor superfamily, member 9 (TNFRSF9), mRNA."
"388","ZH377","TNFSF10","NM_003810.2","Homo sapiens tumor necrosis factor (ligand) superfamily, member 10 (TNFSF10), mRNA."
"389","ZH186","TNFSF11","NM_033012.2","Homo sapiens tumor necrosis factor (ligand) superfamily, member 11 (TNFSF11), transcript variant 2, mRNA."
"390","ZH182","TNFSF13B","NM_006573.3","Homo sapiens tumor necrosis factor (ligand) superfamily, member 13b (TNFSF13B), mRNA."
"391","ZH185","TNFSF14","NM_003807.1","Homo sapiens tumor necrosis factor (ligand) superfamily, member 14 (TNFSF14), mRNA."
"392","ZH183","TNFSF15","NM_005118.2","Homo sapiens tumor necrosis factor (ligand) superfamily, member 15 (TNFSF15), mRNA."
"393","ZH190","TNFSF18","NM_005092.1","Homo sapiens tumor necrosis factor (ligand) superfamily, member 18 (TNFSF18), mRNA."
"394","ZH187","TNFSF4","NM_003326.2","Homo sapiens tumor necrosis factor (ligand) superfamily, member 4 (tax-transcriptionally activated glycoprotein 1, 34kDa) (TNFSF4), mRNA."
"395","ZH189","TNFSF8","NM_001244.2","Homo sapiens tumor necrosis factor (ligand) superfamily, member 8 (TNFSF8), mRNA."
"396","ZH061","TNFSF9","NM_003811.2","Homo sapiens tumor necrosis factor (ligand) superfamily, member 9 (TNFSF9), mRNA."
"397","ZH124","TP53","NM_000546.2","Homo sapiens tumor protein p53 (Li-Fraumeni syndrome) (TP53), mRNA."
"398","ZH239","TRAF2","NM_145718.1","Homo sapiens TNF receptor-associated factor 2 (TRAF2), transcript variant 2, mRNA."
"399","ZH271","TRAF3","NM_145725.1","Homo sapiens TNF receptor-associated factor 3 (TRAF3), transcript variant 1, mRNA."
"400","ZH270","TRAF5","NM_004619.2","Homo sapiens TNF receptor-associated factor 5 (TRAF5), transcript variant 1, mRNA."
"401","ZH300","TYK2","NM_003331.1","Homo sapiens tyrosine kinase 2 (TYK2), mRNA."
"402","ZH426","TYRO3","NM_006293.1","Homo sapiens TYRO3 protein tyrosine kinase (TYRO3), mRNA."
"403","ZH383","VCAM1","NM_001078.2","Homo sapiens vascular cell adhesion molecule 1 (VCAM1), transcript variant 1, mRNA."
"404","ZH083","VPREB1","NM_007128.2","Homo sapiens pre-B lymphocyte gene 1 (VPREB1), mRNA."
"405","ZH134","VWF","NM_000552.2","Homo sapiens von Willebrand factor (VWF), mRNA."
"406","ZH043","XCL1","NM_002995.1","Homo sapiens chemokine (C motif) ligand 1 (XCL1), mRNA."
"407","ZH044","XCR1","NM_005283.1","Homo sapiens chemokine (C motif) receptor 1 (XCR1), mRNA."
"408","ZH255","ZAP70","XM_047776.3","Homo sapiens zeta-chain (TCR) associated protein kinase (70 kD) (ZAP70), mRNA."
"409","ZH241","ZNF7","NM_003416.1","Homo sapiens zinc finger protein 7 (KOX 4, clone HF.16) (ZNF7), mRNA."
"410","ZH242","ZNF8","XM_034263.5","Homo sapiens zinc finger protein 8 (clone HF.18) (ZNF8), mRNA."
